Full Name,E-mail,Plan,Signed up,Source
"  Priya Tanaka",Priya.tanaka80@Brightline.io,pro,"Mar 25, 2026",LinkedIn
Diego Sato,diego.sato356@northwind.com,team,"Mar 21, 2026",Webinar
Felix Quinn,FELIX.QUINN287@QUILL.SO,,2026-03-08,Website
Mateo Reyes,,free,11/03/2026,LinkedIn
Felix Li,,free,02/03/2026,LinkedIn
Leah Mehta," leah.mehta252@quill.so ",Pro,2026-03-01,LinkedIn
Hana Sato,HANA.SATO357@QUILL.SO,pro,22/03/2026,Referral
Sana Haddad,sana.haddad196@quill.so," team","Mar 1, 2026",Website
Owen Okafor," owen.okafor58@orbit.dev  ",pro,"Mar 3, 2026",LinkedIn
Jude Novak,Jude.novak135@Orbit.dev,team,2026-03-24,Webinar
Leah Larsen," leah.larsen222@lumenco.io ",Pro,2026-03-27,Referral
Priya Sato," priya.sato350@quill.so  ",pro,2026-03-15,Website
"  Hana Tanaka",hana.tanaka87@brightline.io,free,2026-03-04,Webinar
Isla Tanaka,isla.tanaka68@lumenco.io,,"Mar 13, 2026",LinkedIn
Felix Brooks,felix.brooks17@brightline.io,free,"Mar 18, 2026",LinkedIn
Diego Quinn,diego.quinn296@orbit.dev,pro,"Mar 17, 2026",LinkedIn
Kai Novak,kai.novak131@lumenco.io,pro,"Mar 20, 2026",LinkedIn
Ava Mehta," Ava.mehta240@Orbit.dev ",pro,2026-03-17,Referral
Kai Reyes,kai.reyes161@quill.so,Pro,"Mar 22, 2026",Referral
Hana Brooks,hana.brooks27@northwind.com," team",2026-03-28,Website
"  Tara Sato",tara.sato348@lumenco.io," team",2026-03-13,Webinar
Ana Novak,ana.novak143@brightline.io,pro,"Mar 4, 2026",Website
Tomás Larsen," tomas.larsen231@quill.so ",,2026-03-08,Website
Isla Duarte,isla.duarte308@quill.so,Pro,"Mar 1, 2026",Webinar
"  Ana Okafor",ana.okafor53@harbor.co," team","Mar 26, 2026",Website
Ethan Mehta," Ethan.mehta245@Quill.so "," team","Mar 22, 2026",Website
Felix Reyes,felix.reyes167@northwind.com,PRO,"Mar 28, 2026",Website
Mila Novak," mila.novak124@lumenco.io ",pro,13/03/2026,Website
Hana Silva,hana.silva117@lumenco.io,pro,2026-03-06,Webinar
Ana Novak,"   ",pro,2026-03-07,LinkedIn
Diego Reyes,diego.reyes176@tidal.app," team","Mar 9, 2026",LinkedIn
Noah Quinn,noah.quinn273@quill.so,PRO,22/03/2026,LinkedIn
Priya Novak,Priya.novak140@Quill.so,pro,2026-03-01,LinkedIn
Priya Mehta,Priya.mehta260@Tidal.app,PRO,"Mar 9, 2026",LinkedIn
Jude Sato,Jude.sato345@Orbit.dev,PRO,2026-03-10,Webinar
Rafael Tanaka,rafael.tanaka79@orbit.dev,free,24/03/2026,Referral
Ana Duarte,ana.duarte323@tidal.app,Pro,"Mar 16, 2026",Referral
Isla Novak,isla.novak128@orbit.dev,team,"Mar 17, 2026",Referral
Aria Okafor,,pro,05/03/2026,Webinar
Ivy Mehta,ivy.mehta254@orbit.dev,PRO,"Mar 3, 2026",Referral
Zoe Haddad,zoe.haddad182@quill.so,pro,2026-03-15,Webinar
Lena Novak," Lena.novak145@Lumenco.io ",pro,06/03/2026,Website
Rafael Larsen," rafael.larsen229@lumenco.io "," team",06/03/2026,LinkedIn
Mila Kowalski,mila.kowalski364@quill.so,pro,01/03/2026,Website
Sana Mehta," sana.mehta256@harbor.co ",,05/03/2026,Referral
Isla Larsen,isla.larsen218@tidal.app,Pro,"Mar 23, 2026",Webinar
Rafael Novak,rafael.novak139@northwind.com,PRO,28/03/2026,Webinar
Felix Larsen," felix.larsen227@brightline.io "," team","Mar 4, 2026",Referral
Ethan Okafor,Ethan.okafor35@Quill.so,pro,2026-03-08,Webinar
Felix Haddad,felix.haddad197@tidal.app,free,"Mar 2, 2026",LinkedIn
Sana Brooks,sana.brooks16@orbit.dev,pro,17/03/2026,Referral
Ethan Haddad,Ethan.haddad185@Brightline.io,Pro,"Mar 18, 2026",Referral
Mila Kowalski," mila.kowalski364@quill.so  ",pro,"Mar 1, 2026",Website
"  Ivy Haddad",ivy.haddad194@lumenco.io,Pro,"Mar 27, 2026",Webinar
Priya Duarte,Priya.duarte320@Lumenco.io,PRO,"Mar 13, 2026",Referral
Iris Sato,iris.sato359@orbit.dev," team","Mar 24, 2026",Webinar
Wen Silva,wen.silva112@quill.so,,"Mar 1, 2026",LinkedIn
Isla Silva,isla.silva98@quill.so,pro,"Mar 15, 2026",Referral
Zoe Mehta," zoe.mehta242@harbor.co ",free,"Mar 19, 2026",Webinar
Nora Sato,Nora.sato340@Harbor.co,pro,05/03/2026,Referral
Aria Sato," aria.sato336@quill.so  "," team",01/03/2026,LinkedIn
Mateo Duarte,mateo.duarte309@tidal.app,PRO,2026-03-02,Referral
Wen Novak," wen.novak142@orbit.dev ",pro,03/03/2026,LinkedIn
Wen Haddad,,free,26/03/2026,Webinar
Lucas Sato," lucas.sato337@tidal.app ",team,02/03/2026,Webinar
Ana Brooks,ANA.BROOKS23@ORBIT.DEV,,2026-03-24,Referral
Ava Haddad,,pro,08/03/2026,Website
Leah Brooks,leah.brooks12@lumenco.io,free,2026-03-13,Website
Diego Larsen,diego.larsen236@lumenco.io,free,"Mar 13, 2026",Webinar
Kai Duarte,kai.duarte311@brightline.io,free,"Mar 4, 2026",LinkedIn
Jude Okafor," Jude.okafor45@Brightline.io ",Pro,2026-03-18,Webinar
"  Wen Quinn",wen.quinn292@lumenco.io,Pro,13/03/2026,Referral
Tomás Novak,tomas.novak141@tidal.app,,2026-03-02,LinkedIn
Ethan Brooks,Ethan.brooks5@Lumenco.io,pro,"Mar 6, 2026",Website
Nora Novak," Nora.novak130@Harbor.co ",pro,19/03/2026,LinkedIn
Sana Okafor,sana.okafor46@harbor.co,Pro,19/03/2026,Webinar
Ivy Reyes,ivy.reyes164@brightline.io,pro,"Mar 25, 2026",Webinar
Lena Okafor," Lena.okafor55@Northwind.com ",,28/03/2026,LinkedIn
Isla Haddad,isla.haddad188@northwind.com,pro,"Mar 21, 2026",Referral
Nora Tanaka," Nora.tanaka70@Quill.so ",free,15/03/2026,Webinar
Omar Reyes,OMAR.REYES163@ORBIT.DEV," team","Mar 24, 2026",LinkedIn
Ava Okafor," ava.okafor30@orbit.dev  "," team",03/03/2026,Webinar
Kofi Haddad,,,17/03/2026,LinkedIn
"  Ava Haddad",Ava.haddad180@Lumenco.io,pro,2026-03-13,Webinar
Mila Tanaka,mila.tanaka64@tidal.app," team",09/03/2026,Referral
Liam Larsen,liam.larsen211@tidal.app,team,16/03/2026,Website
Ethan Larsen,Ethan.larsen215@Lumenco.io," team","Mar 20, 2026",Website
Aria Okafor,aria.okafor36@tidal.app,,2026-03-09,LinkedIn
Ivy Larsen,ivy.larsen224@quill.so,PRO,"Mar 1, 2026",Website
Lucas Shah,"   ",,2026-03-25,Webinar
Kai Shah,,free,"Mar 6, 2026",Website
Liam Novak," liam.novak121@orbit.dev ",PRO,10/03/2026,Webinar
Mateo Mehta,mateo.mehta249@harbor.co,PRO,2026-03-26,Website
Tara Brooks,tara.brooks18@harbor.co,,2026-03-19,Webinar
Nora Adeyemi,,free,"Mar 21, 2026",Webinar
Owen Larsen,owen.larsen238@quill.so,Pro,"Mar 15, 2026",Webinar
Felix Mehta," felix.mehta257@lumenco.io ",PRO,"Mar 6, 2026",LinkedIn
"  Tomás Duarte",tomas.duarte321@northwind.com,PRO,2026-03-14,Webinar
Noah Larsen,noah.larsen213@brightline.io,,2026-03-18,LinkedIn
Zoe Brooks," zoe.brooks2@orbit.dev  ",team,2026-03-03,LinkedIn
"  Aria Quinn",aria.quinn276@brightline.io," team",2026-03-25,LinkedIn
Ethan Duarte," Ethan.duarte305@Harbor.co ",PRO,"Mar 26, 2026",Referral
Aria Larsen,aria.larsen216@northwind.com,team,2026-03-21,Webinar
Omar Kowalski,omar.kowalski373@orbit.dev,free,10/03/2026,Website
Kofi Quinn," kofi.quinn294@quill.so  ",pro,15/03/2026,Webinar
Felix Sato," felix.sato347@harbor.co ",team,"Mar 12, 2026",Website
Hana Larsen," hana.larsen237@northwind.com ",free,2026-03-14,Referral
Owen Novak,"   ",pro,2026-03-09,Website
Wen Larsen,wen.larsen232@tidal.app,PRO,09/03/2026,Webinar
Nora Kowalski,Nora.kowalski370@Northwind.com," team",07/03/2026,Referral
Ava Brooks," Ava.brooks0@Quill.so ",,2026-03-01,LinkedIn
Hana Sato,hana.sato357@quill.so,pro,2026-03-22,Referral
Liam Quinn," liam.quinn271@lumenco.io ",Pro,20/03/2026,Referral
Mila Haddad," mila.haddad184@orbit.dev  ",,"Mar 17, 2026",Webinar
Kofi Larsen,kofi.larsen234@brightline.io,,2026-03-11,LinkedIn
Rafael Okafor,rafael.okafor49@quill.so,team,"Mar 22, 2026",Webinar
Kai Sato,kai.sato341@lumenco.io,Pro,"Mar 6, 2026",Referral
Leah Haddad," leah.haddad192@brightline.io ",PRO,2026-03-25,Website
Mateo Brooks,MATEO.BROOKS9@ORBIT.DEV,team,10/03/2026,Referral
Sana Larsen,sana.larsen226@orbit.dev,Pro,03/03/2026,LinkedIn
Noah Silva," noah.silva93@orbit.dev ",PRO,2026-03-10,Website
Liam Duarte,liam.duarte301@quill.so,pro,22/03/2026,Referral
"  Tara Duarte",tara.duarte318@brightline.io,,2026-03-11,LinkedIn
Sana Novak,sana.novak136@brightline.io,team,25/03/2026,Website
Zoe Duarte,zoe.duarte302@tidal.app,pro,"Mar 23, 2026",Webinar
Lucas Kowalski,lucas.kowalski367@brightline.io," team",04/03/2026,Website
Wen Silva," wen.silva112@quill.so ",,01/03/2026,LinkedIn
Aria Novak,aria.novak126@quill.so,free,15/03/2026,Referral
Leah Novak,leah.novak132@northwind.com,Pro,2026-03-21,Referral
Tara Duarte,"   ",pro,2026-03-13,LinkedIn
Tomás Haddad,tomas.haddad201@lumenco.io,pro,2026-03-06,Referral
Priya Mehta,"   ",,2026-03-10,Webinar
"  Nora Okafor",Nora.okafor40@Lumenco.io,team,13/03/2026,Referral
Nora Brooks,Nora.brooks10@Brightline.io,free,11/03/2026,Webinar
Noah Okafor,noah.okafor33@lumenco.io,PRO,2026-03-06,Webinar
Liam Tanaka,liam.tanaka61@lumenco.io,free,06/03/2026,LinkedIn
Diego Okafor,diego.okafor56@quill.so,Pro,2026-03-01,LinkedIn
Jude Haddad,Jude.haddad195@Northwind.com,free,2026-03-28,Website
Tara Larsen,tara.larsen228@harbor.co,pro,2026-03-05,Website
Ethan Okafor," Ethan.okafor35@Quill.so ",pro,"Mar 8, 2026",Webinar
Hana Reyes,hana.reyes177@orbit.dev,free,2026-03-10,Website
Zoe Novak,zoe.novak122@brightline.io,pro,"Mar 11, 2026",Website
Ivy Silva,ivy.silva104@northwind.com,pro,"Mar 21, 2026",Website
Felix Novak,"   ",free,2026-03-16,Webinar
Isla Quinn,isla.quinn278@lumenco.io,Pro,"Mar 27, 2026",Referral
Noah Quinn,noah.quinn273@quill.so,PRO,2026-03-22,LinkedIn
Rafael Reyes,rafael.reyes169@tidal.app,Pro,02/03/2026,LinkedIn
Lucas Haddad,lucas.haddad187@lumenco.io,Pro,20/03/2026,Website
Jude Silva,Jude.silva105@Quill.so,,2026-03-22,Website
Lena Quinn," Lena.quinn295@Tidal.app "," team",16/03/2026,Website
Kai Haddad,KAI.HADDAD191@ORBIT.DEV,Pro,2026-03-24,Webinar
Noah Duarte,noah.duarte303@orbit.dev,team,2026-03-24,Website
Ivy Larsen,ivy.larsen224@quill.so,PRO,2026-03-01,Website
Kai Brooks,kai.brooks11@harbor.co,team,"Mar 12, 2026",LinkedIn
Aria Silva,aria.silva96@lumenco.io,pro,2026-03-13,LinkedIn
Aria Haddad,aria.haddad186@harbor.co,Pro,2026-03-19,Webinar
Felix Okafor,felix.okafor47@lumenco.io,pro,"Mar 20, 2026",Webinar
Mateo Sato,mateo.sato339@brightline.io,free,2026-03-04,Referral
"  Ava Duarte"," Ava.duarte300@Northwind.com ",,2026-03-21,Referral
Aria Sato,aria.sato336@quill.so," team",2026-03-01,LinkedIn
Tomás Okafor,TOMAS.OKAFOR51@ORBIT.DEV,,24/03/2026,Referral
Kai Okafor,,free,"Mar 3, 2026",Referral
Lucas Novak,,pro,"Mar 9, 2026",Webinar
Sana Haddad,sana.haddad196@quill.so," team",01/03/2026,Website
Ethan Silva," Ethan.silva95@Harbor.co "," team","Mar 12, 2026",Webinar
Zoe Larsen,zoe.larsen212@orbit.dev,,"Mar 17, 2026",Website
Mila Larsen," mila.larsen214@harbor.co ",Pro,19/03/2026,Webinar
"  Zoe Okafor",zoe.okafor32@harbor.co," team","Mar 5, 2026",Website
Sana Brooks," sana.brooks16@orbit.dev  ",pro,"Mar 17, 2026",Referral
Ava Brooks,Ava.brooks0@Quill.so,,01/03/2026,LinkedIn
Jude Brooks,Jude.brooks15@Tidal.app,pro,2026-03-16,LinkedIn
Aria Tanaka,aria.tanaka66@brightline.io,Pro,2026-03-11,Website
Leah Okafor,leah.okafor42@quill.so,pro,15/03/2026,Referral
Nora Duarte,Nora.duarte310@Orbit.dev,,03/03/2026,LinkedIn
Omar Silva,omar.silva103@lumenco.io,PRO,20/03/2026,Webinar
Isla Reyes,isla.reyes158@harbor.co," team","Mar 19, 2026",Webinar
Omar Larsen,omar.larsen223@northwind.com,PRO,28/03/2026,Website
Wen Duarte," wen.duarte322@quill.so ",free,15/03/2026,LinkedIn
Felix Novak,felix.novak137@harbor.co,pro,"Mar 26, 2026",Referral
Ivy Tanaka,ivy.tanaka74@harbor.co,pro,"Mar 19, 2026",Webinar
Tomás Li,,pro,13/03/2026,Referral
Lena Duarte,Lena.duarte325@Brightline.io,PRO,18/03/2026,Referral
Omar Duarte,omar.duarte313@lumenco.io,pro,06/03/2026,Referral
Aria Novak,aria.novak126@quill.so,free,2026-03-15,Referral
Wen Duarte," wen.duarte322@quill.so  ",free,"Mar 15, 2026",LinkedIn
"  Kofi Tanaka",kofi.tanaka84@quill.so,team,2026-03-01,Referral
Ava Shah,,free,23/03/2026,Website
Mila Sato," mila.sato334@lumenco.io ",Pro,27/03/2026,LinkedIn
Isla Brooks,isla.brooks8@tidal.app,pro,"Mar 9, 2026",Referral
"  Owen Quinn",owen.quinn298@harbor.co,pro,19/03/2026,Website
Aria Reyes," aria.reyes156@orbit.dev  ",,17/03/2026,Webinar
Tara Okafor,tara.okafor48@northwind.com,pro,2026-03-21,LinkedIn
Felix Duarte,felix.duarte317@orbit.dev,pro,"Mar 10, 2026",LinkedIn
Mateo Kowalski,mateo.kowalski369@lumenco.io,,2026-03-06,Website
Priya Reyes," priya.reyes170@orbit.dev  "," team",2026-03-03,Referral
Omar Tanaka,omar.tanaka73@brightline.io,PRO,18/03/2026,Website
"  Mila Okafor",mila.okafor34@northwind.com,pro,07/03/2026,LinkedIn
Lucas Byrne,"   ",pro,2026-03-12,Referral
"  Wen Okafor",wen.okafor52@brightline.io,pro,25/03/2026,LinkedIn
Liam Duarte,LIAM.DUARTE301@QUILL.SO,pro,"Mar 22, 2026",Referral
Tara Novak,tara.novak138@lumenco.io,pro,2026-03-27,Webinar
Mila Quinn,mila.quinn274@tidal.app,free,23/03/2026,LinkedIn
Isla Kowalski,isla.kowalski368@harbor.co,team,"Mar 5, 2026",LinkedIn
Mila Brooks," mila.brooks4@harbor.co ",pro,05/03/2026,Webinar
Isla Sato,isla.sato338@orbit.dev," team","Mar 3, 2026",Referral
Felix Silva,FELIX.SILVA107@ORBIT.DEV,Pro,2026-03-24,LinkedIn
Ana Haddad,ana.haddad203@quill.so,Pro,2026-03-08,Webinar
Kai Mehta,kai.mehta251@northwind.com,PRO,"Mar 28, 2026",LinkedIn
Liam Sato,liam.sato331@orbit.dev,,24/03/2026,Website
"  Tomás Silva",tomas.silva111@northwind.com,,2026-03-28,LinkedIn
Mateo Brooks," mateo.brooks9@orbit.dev ",team,2026-03-10,Referral
Felix Tanaka,felix.tanaka77@quill.so,free,2026-03-22,Webinar
Omar Sato,omar.sato343@quill.so,Pro,08/03/2026,Webinar
Rafael Mehta,rafael.mehta259@quill.so,pro,08/03/2026,Webinar
Mateo Okafor,mateo.okafor39@harbor.co,pro,2026-03-12,LinkedIn
Felix Silva," felix.silva107@orbit.dev ",Pro,"Mar 24, 2026",LinkedIn
Owen Sato,owen.sato358@tidal.app,Pro,23/03/2026,LinkedIn
Noah Haddad,noah.haddad183@tidal.app,,2026-03-16,LinkedIn
Owen Brooks,owen.brooks28@quill.so,pro,"Mar 1, 2026",Webinar
"  Noah Reyes"," noah.reyes153@northwind.com "," team",2026-03-14,LinkedIn
Diego Novak,diego.novak146@northwind.com,PRO,"Mar 7, 2026",Website
Rafael Okafor,rafael.okafor49@quill.so,team,22/03/2026,Webinar
Iris Haddad,iris.haddad209@northwind.com,pro,"Mar 14, 2026",Webinar
Sana Byrne,"   ",pro,2026-03-03,Webinar
Lena Haddad,Lena.haddad205@Orbit.dev,team,10/03/2026,Website
Kai Quinn,kai.quinn281@tidal.app,pro,"Mar 2, 2026",Webinar
"  Noah Brooks",noah.brooks3@brightline.io,pro,2026-03-04,Referral
Mateo Quinn," mateo.quinn279@northwind.com ",team,2026-03-28,Webinar
Liam Okafor,liam.okafor31@brightline.io,free,04/03/2026,Referral
Priya Larsen," Priya.larsen230@Northwind.com ",PRO,"Mar 7, 2026",Website
"  Ava Larsen",Ava.larsen210@Quill.so,team,2026-03-15,Referral
Lena Tanaka,Lena.tanaka85@Tidal.app,PRO,02/03/2026,Referral
Tara Haddad,tara.haddad198@orbit.dev,pro,2026-03-03,LinkedIn
Noah Sato,noah.sato333@harbor.co,Pro,2026-03-26,Webinar
Tomás Reyes,tomas.reyes171@brightline.io,team,2026-03-04,LinkedIn
Leah Reyes,leah.reyes162@tidal.app,free,2026-03-23,Referral
Ana Sato,ana.sato353@brightline.io,pro,"Mar 18, 2026",Webinar
Iris Souza,,free,01/03/2026,Website
Tara Quinn,tara.quinn288@tidal.app," team",2026-03-09,Website
Leah Okafor,leah.okafor42@quill.so,pro,2026-03-15,Referral
Hana Reyes,HANA.REYES177@ORBIT.DEV,free,10/03/2026,Website
Omar Quinn,omar.quinn283@brightline.io,pro,04/03/2026,Webinar
Aria Duarte,aria.duarte306@lumenco.io,Pro,2026-03-27,LinkedIn
Mateo Larsen,mateo.larsen219@orbit.dev," team",2026-03-24,Website
Kai Larsen,kai.larsen221@harbor.co," team","Mar 26, 2026",LinkedIn
Rafael Sato," rafael.sato349@northwind.com ",pro,14/03/2026,LinkedIn
Tomás Quinn," tomas.quinn291@harbor.co ",pro,2026-03-12,Referral
"  Hana Duarte",hana.duarte327@lumenco.io,pro,2026-03-20,Webinar
Iris Tanaka,iris.tanaka89@lumenco.io,pro,"Mar 6, 2026",Webinar
"  Wen Brooks",wen.brooks22@tidal.app,Pro,23/03/2026,LinkedIn
Lucas Brooks,lucas.brooks7@quill.so,free,"Mar 8, 2026",LinkedIn
Leah Sato,leah.sato342@northwind.com,pro,2026-03-07,Website
Ethan Mehta,Ethan.mehta245@Quill.so," team",2026-03-22,Website
Iris Reyes,,,"Mar 15, 2026",Referral
Nora Larsen,Nora.larsen220@Brightline.io,,25/03/2026,Webinar
Tomás Okafor," tomas.okafor51@orbit.dev ",,2026-03-24,Referral
Diego Silva,diego.silva116@harbor.co,pro,"Mar 5, 2026",LinkedIn
"  Hana Quinn",hana.quinn297@brightline.io,pro,2026-03-18,Webinar
Hana Novak,hana.novak147@quill.so,Pro,08/03/2026,LinkedIn
Felix Quinn," felix.quinn287@quill.so ",,"Mar 8, 2026",Website
Tomás Sato,tomas.sato351@tidal.app," team",2026-03-16,LinkedIn
Kofi Brooks,kofi.brooks24@brightline.io,PRO,2026-03-25,LinkedIn
Zoe Silva,zoe.silva92@tidal.app,Pro,"Mar 9, 2026",Website
Nora Tanaka,Nora.tanaka70@Quill.so,free,"Mar 15, 2026",Webinar
Lucas Reyes,lucas.reyes157@brightline.io," team",18/03/2026,Webinar
"  Iris Brooks",iris.brooks29@tidal.app,free,"Mar 2, 2026",Website
"  Zoe Sato",zoe.sato332@brightline.io,pro,"Mar 25, 2026",Referral
Wen Tanaka," wen.tanaka82@lumenco.io ",pro,27/03/2026,LinkedIn
Kai Okafor," kai.okafor41@northwind.com ",team,"Mar 14, 2026",Website
Diego Tanaka," diego.tanaka86@orbit.dev ",PRO,"Mar 3, 2026",LinkedIn
Jude Tanaka,Jude.tanaka75@Lumenco.io,,2026-03-20,Webinar
Rafael Mehta,rafael.mehta259@quill.so,pro,"Mar 8, 2026",Webinar
Sana Quinn,sana.quinn286@northwind.com,pro,07/03/2026,LinkedIn
Kofi Novak,kofi.novak144@harbor.co,free,2026-03-05,Webinar
Ana Reyes,ana.reyes173@lumenco.io,Pro,"Mar 6, 2026",Webinar
Jude Novak,JUDE.NOVAK135@ORBIT.DEV,team,24/03/2026,Webinar
Isla Duarte," isla.duarte308@quill.so  ",Pro,2026-03-01,Webinar
Lucas Okafor,LUCAS.OKAFOR37@ORBIT.DEV,,"Mar 10, 2026",Website
Omar Ortega,,free,"Mar 18, 2026",Webinar
Lena Silva,Lena.silva115@Brightline.io,Pro,04/03/2026,Referral
Priya Brooks,Priya.brooks20@Northwind.com,pro,"Mar 21, 2026",Website
Hana Mehta,hana.mehta267@tidal.app,team,2026-03-16,Webinar
"  Isla Mehta"," isla.mehta248@brightline.io ",PRO,"Mar 25, 2026",Webinar
Lucas Quinn,lucas.quinn277@harbor.co,Pro,26/03/2026,LinkedIn
Tomás Mehta,tomas.mehta261@orbit.dev,team,2026-03-10,Webinar
Iris Novak,iris.novak149@orbit.dev,Pro,"Mar 10, 2026",Webinar
"  Owen Brooks",owen.brooks28@quill.so,pro,01/03/2026,Webinar
"  Tomás Brooks"," tomas.brooks21@quill.so ",free,2026-03-22,Referral
Lena Sato,Lena.sato355@Lumenco.io,PRO,20/03/2026,Referral
Tomás Tanaka,tomas.tanaka81@harbor.co," team",2026-03-26,Webinar
Mila Haddad,mila.haddad184@orbit.dev,,17/03/2026,Webinar
Omar Novak,omar.novak133@quill.so,pro,"Mar 22, 2026",LinkedIn
Owen Byrne,,free,14/03/2026,Referral
Nora Reyes,Nora.reyes160@Northwind.com,pro,21/03/2026,Webinar
"  Ava Quinn",Ava.quinn270@Harbor.co,pro,2026-03-19,Website
Omar Okafor,omar.okafor43@tidal.app,,16/03/2026,LinkedIn
Kofi Silva,kofi.silva114@orbit.dev,free,2026-03-03,Webinar
"  Ivy Okafor",ivy.okafor44@orbit.dev,PRO,"Mar 17, 2026",Webinar
Ethan Byrne,"   ",pro,2026-03-01,Website
Kai Kowalski,kai.kowalski371@quill.so,team,"Mar 8, 2026",LinkedIn
Kofi Silva," kofi.silva114@orbit.dev  ",free,03/03/2026,Webinar
Mila Duarte,mila.duarte304@brightline.io,PRO,25/03/2026,Website
Wen Byrne,,,"Mar 5, 2026",LinkedIn
"  Lucas Duarte",lucas.duarte307@northwind.com,pro,28/03/2026,Referral
Aria Mehta,aria.mehta246@tidal.app," team",2026-03-23,LinkedIn
Owen Silva,owen.silva118@northwind.com,PRO,07/03/2026,Webinar
Rafael Haddad,rafael.haddad199@brightline.io,PRO,04/03/2026,Website
"  Mila Reyes",mila.reyes154@quill.so," team",15/03/2026,Referral
Priya Novak," Priya.novak140@Quill.so ",pro,"Mar 1, 2026",LinkedIn
Noah Kowalski,noah.kowalski363@northwind.com,,2026-03-28,Referral
Leah Duarte,leah.duarte312@harbor.co,pro,2026-03-05,Webinar
Ana Quinn,ana.quinn293@northwind.com,free,"Mar 14, 2026",Website
Leah Kowalski,leah.kowalski372@tidal.app," team",2026-03-09,LinkedIn
Kofi Duarte,kofi.duarte324@orbit.dev,pro,2026-03-17,LinkedIn
Aria Reyes," aria.reyes156@orbit.dev ",,2026-03-17,Webinar
Jude Mehta," Jude.mehta255@Brightline.io ",free,2026-03-04,Referral
Lucas Larsen,lucas.larsen217@quill.so,,22/03/2026,Website
Iris Okafor,iris.okafor59@brightline.io,PRO,"Mar 4, 2026",Website
Zoe Quinn,,pro,20/03/2026,LinkedIn
Mateo Haddad,mateo.haddad189@quill.so,pro,2026-03-22,Webinar
Diego Tanaka," diego.tanaka86@orbit.dev  ",PRO,2026-03-03,LinkedIn
Omar Sato,OMAR.SATO343@QUILL.SO,Pro,"Mar 8, 2026",Webinar
Kofi Okafor,kofi.okafor54@lumenco.io,Pro,2026-03-27,Webinar
Ava Sato,Ava.sato330@Tidal.app,Pro,2026-03-23,LinkedIn
Ivy Novak,ivy.novak134@tidal.app,team,"Mar 23, 2026",Webinar
Leah Mehta,leah.mehta252@quill.so,Pro,01/03/2026,LinkedIn
Ivy Okafor," ivy.okafor44@orbit.dev  ",PRO,2026-03-17,Webinar
Diego Haddad,diego.haddad206@brightline.io,Pro,"Mar 11, 2026",Webinar
Omar Novak,omar.novak133@quill.so,pro,22/03/2026,LinkedIn
Ivy Quinn,ivy.quinn284@harbor.co,pro,"Mar 5, 2026",Webinar
Mateo Haddad,mateo.haddad189@quill.so,pro,22/03/2026,Webinar
Rafael Silva,rafael.silva109@harbor.co,PRO,26/03/2026,Webinar
Ethan Tanaka,ETHAN.TANAKA65@ORBIT.DEV,,2026-03-10,Referral
Tara Silva,tara.silva108@brightline.io,PRO,2026-03-25,Referral
Jude Silva,Jude.silva105@Quill.so,,22/03/2026,Website
Ethan Reyes," Ethan.reyes155@Tidal.app ",team,"Mar 16, 2026",Webinar
Ava Novak,Ava.novak120@Tidal.app,free,2026-03-09,Webinar
"  Lucas Silva",lucas.silva97@northwind.com,team,14/03/2026,Website
Leah Quinn,leah.quinn282@orbit.dev," team",2026-03-03,Website
Diego Duarte,diego.duarte326@harbor.co,Pro,"Mar 19, 2026",Website
Leah Tanaka," leah.tanaka72@orbit.dev  ",,17/03/2026,LinkedIn
Noah Novak,noah.novak123@harbor.co,,2026-03-12,LinkedIn
"  Hana Novak",hana.novak147@quill.so,Pro,2026-03-08,LinkedIn
Sana Duarte,sana.duarte316@tidal.app,Pro,09/03/2026,Webinar
Ava Kowalski,Ava.kowalski360@Brightline.io,free,2026-03-25,Webinar
Isla Silva,isla.silva98@quill.so,pro,2026-03-15,Referral
"  Ana Silva"," ana.silva113@tidal.app ",team,"Mar 2, 2026",Webinar
Diego Brooks,diego.brooks26@lumenco.io,PRO,"Mar 27, 2026",Referral
Lucas Tanaka,lucas.tanaka67@harbor.co,pro,12/03/2026,Webinar
Jude Quinn,Jude.quinn285@Lumenco.io,PRO,2026-03-06,Website
Mateo Tanaka,mateo.tanaka69@northwind.com,pro,2026-03-14,LinkedIn
Lucas Novak,lucas.novak127@tidal.app,pro,16/03/2026,Webinar
Liam Novak,LIAM.NOVAK121@ORBIT.DEV,PRO,"Mar 10, 2026",Webinar
Liam Silva,liam.silva91@quill.so,Pro,"Mar 8, 2026",Webinar
Tara Larsen,"   ",,2026-03-04,LinkedIn
Zoe Tanaka," zoe.tanaka62@northwind.com ",free,"Mar 7, 2026",Referral
"  Ava Reyes",Ava.reyes150@Brightline.io,PRO,2026-03-11,LinkedIn
Priya Sato,Priya.sato350@Quill.so,pro,"Mar 15, 2026",Website
Lena Mehta,Lena.mehta265@Northwind.com,free,14/03/2026,Referral
Ivy Kowalski,ivy.kowalski374@brightline.io,Pro,"Mar 11, 2026",LinkedIn
Nora Tanaka,"   ",,2026-03-22,Website
Owen Duarte,owen.duarte328@northwind.com,free,21/03/2026,Website
Owen Reyes," owen.reyes178@brightline.io ",pro,11/03/2026,Website
"  Kofi Mehta",kofi.mehta264@lumenco.io,pro,2026-03-13,Webinar
Owen Tanaka,owen.tanaka88@harbor.co," team",05/03/2026,Referral
Jude Duarte,Jude.duarte315@Quill.so," team",2026-03-08,Website
Ava Larsen,Ava.larsen210@Quill.so,team,15/03/2026,Referral
Sana Haddad,,pro,"Mar 8, 2026",Website
Ana Novak,"   ",,2026-03-19,LinkedIn
Owen Haddad,owen.haddad208@lumenco.io," team",13/03/2026,LinkedIn
Nora Silva,Nora.silva100@Orbit.dev,free,17/03/2026,Referral
Lucas Larsen,lucas.larsen217@quill.so,,"Mar 22, 2026",Website
Mateo Novak," mateo.novak129@brightline.io "," team",2026-03-18,Referral
Jude Duarte,JUDE.DUARTE315@QUILL.SO," team",08/03/2026,Website
Lena Reyes,Lena.reyes175@Quill.so,Pro,"Mar 8, 2026",Website
Ava Larsen,,free,"Mar 11, 2026",Website
"  Wen Reyes",wen.reyes172@harbor.co," team",05/03/2026,Referral
Priya Quinn,"   ",pro,2026-03-28,LinkedIn
Omar Reyes,omar.reyes163@orbit.dev," team",24/03/2026,LinkedIn
Owen Okafor,owen.okafor58@orbit.dev,pro,03/03/2026,LinkedIn
Iris Larsen,iris.larsen239@tidal.app,PRO,"Mar 16, 2026",Website
Kai Kowalski,KAI.KOWALSKI371@QUILL.SO,team,2026-03-08,LinkedIn
Mila Mehta," mila.mehta244@northwind.com "," team",21/03/2026,LinkedIn
Wen Mehta,wen.mehta262@brightline.io,free,11/03/2026,Webinar
Iris Novak,IRIS.NOVAK149@ORBIT.DEV,Pro,2026-03-10,Webinar
Ivy Sato,ivy.sato344@tidal.app,pro,"Mar 9, 2026",Referral
Iris Silva,iris.silva119@quill.so,free,2026-03-08,Referral
Mila Brooks,,pro,"Mar 27, 2026",Website
Nora Haddad," Nora.haddad190@Tidal.app ",pro,23/03/2026,Referral
Ava Okafor," Ava.okafor30@Orbit.dev "," team",2026-03-03,Webinar
Sana Sato,sana.sato346@brightline.io," team",11/03/2026,Webinar
Jude Reyes,Jude.reyes165@Harbor.co,,2026-03-26,Webinar
Mila Silva," mila.silva94@brightline.io ",pro,11/03/2026,LinkedIn
Kofi Tanaka,kofi.tanaka84@quill.so,team,01/03/2026,Referral
Kai Reyes,kai.reyes161@quill.so,Pro,2026-03-22,Referral
"  Owen Novak",owen.novak148@tidal.app,free,09/03/2026,LinkedIn
Rafael Duarte," rafael.duarte319@harbor.co "," team",12/03/2026,LinkedIn
Sana Silva," sana.silva106@tidal.app ",Pro,23/03/2026,Referral
Ivy Brooks,ivy.brooks14@quill.so," team",2026-03-15,Website
Ethan Tanaka," Ethan.tanaka65@Orbit.dev ",,"Mar 10, 2026",Referral
Rafael Quinn,rafael.quinn289@orbit.dev,,10/03/2026,Webinar
"  Iris Quinn",iris.quinn299@lumenco.io,team,"Mar 20, 2026",Website
Iris Duarte,iris.duarte329@quill.so," team","Mar 22, 2026",Website
Lucas Mehta,lucas.mehta247@orbit.dev,team,24/03/2026,Webinar
Wen Novak," wen.novak142@orbit.dev  ",pro,"Mar 3, 2026",LinkedIn
Liam Mehta," liam.mehta241@brightline.io ",free,18/03/2026,Referral
Kofi Reyes,kofi.reyes174@northwind.com,,2026-03-07,LinkedIn
Jude Larsen,Jude.larsen225@Tidal.app,team,2026-03-02,LinkedIn
Nora Mehta,Nora.mehta250@Lumenco.io," team",27/03/2026,LinkedIn
Ana Haddad,ana.haddad203@quill.so,Pro,"Mar 8, 2026",Webinar
Nora Quinn," nora.quinn280@quill.so  ",team,"Mar 1, 2026",Webinar
Rafael Brooks,rafael.brooks19@lumenco.io," team",20/03/2026,Webinar
Tara Sato,,pro,"Mar 2, 2026",Referral
Ivy Brooks,ivy.brooks14@quill.so," team","Mar 15, 2026",Website
Tara Haddad," tara.haddad198@orbit.dev  ",pro,03/03/2026,LinkedIn
Ava Silva,Ava.silva90@Northwind.com," team",2026-03-07,Website
Ana Brooks,ana.brooks23@orbit.dev,,"Mar 24, 2026",Referral
Wen Kowalski,,,"Mar 12, 2026",LinkedIn
Zoe Reyes,zoe.reyes152@lumenco.io,free,"Mar 13, 2026",Website
Liam Brooks,liam.brooks1@tidal.app,pro,02/03/2026,Webinar
Omar Haddad,omar.haddad193@harbor.co,Pro,26/03/2026,Website
Diego Mehta,diego.mehta266@quill.so,pro,2026-03-15,Website
Kai Haddad,kai.haddad191@orbit.dev,Pro,"Mar 24, 2026",Webinar
"  Liam Reyes",liam.reyes151@harbor.co," team",12/03/2026,Webinar
Leah Silva,leah.silva102@harbor.co,pro,2026-03-19,Webinar
Iris Mehta,iris.mehta269@brightline.io,,"Mar 18, 2026",LinkedIn
Nora Silva," nora.silva100@orbit.dev  ",free,"Mar 17, 2026",Referral
Noah Tanaka,noah.tanaka63@quill.so,pro,08/03/2026,LinkedIn
Aria Kowalski," aria.kowalski366@orbit.dev ",pro,2026-03-03,Referral
Sana Tanaka,,free,07/03/2026,Referral
Aria Tanaka,,free,04/03/2026,Website
Owen Mehta,owen.mehta268@orbit.dev,pro,17/03/2026,Referral
Kai Silva,kai.silva101@brightline.io," team","Mar 18, 2026",Referral
Sana Tanaka,sana.tanaka76@northwind.com,PRO,21/03/2026,Referral
Mila Adeyemi,,pro,"Mar 24, 2026",LinkedIn
Omar Brooks,omar.brooks13@northwind.com,Pro,14/03/2026,LinkedIn
Tara Tanaka,tara.tanaka78@tidal.app,free,2026-03-23,Referral
Tara Reyes,tara.reyes168@quill.so,pro,2026-03-01,Referral
Ivy Duarte,ivy.duarte314@northwind.com,pro,"Mar 7, 2026",Website
Noah Mehta,noah.mehta243@lumenco.io,,2026-03-20,Referral
Diego Mehta,diego.mehta266@quill.so,pro,"Mar 15, 2026",Website
Zoe Brooks,zoe.brooks2@orbit.dev,team,"Mar 3, 2026",LinkedIn
Noah Tanaka,noah.tanaka63@quill.so,pro,2026-03-08,LinkedIn
Hana Okafor,hana.okafor57@tidal.app,team,2026-03-02,Webinar
Priya Okafor,Priya.okafor50@Tidal.app,free,"Mar 23, 2026",Webinar
Wen Sato," wen.sato352@orbit.dev ",,17/03/2026,LinkedIn
Ana Tanaka,ana.tanaka83@northwind.com,pro,"Mar 28, 2026",Website
"  Lucas Brooks",lucas.brooks7@quill.so,free,08/03/2026,LinkedIn
Lucas Okafor,lucas.okafor37@orbit.dev,,10/03/2026,Website
Wen Haddad,wen.haddad202@northwind.com,pro,07/03/2026,Referral
Zoe Quinn,zoe.quinn272@northwind.com,pro,"Mar 21, 2026",Webinar
Diego Sato,,pro,10/03/2026,Website
"  Leah Tanaka",leah.tanaka72@orbit.dev,,2026-03-17,LinkedIn
Ethan Quinn,Ethan.quinn275@Orbit.dev,PRO,"Mar 24, 2026",LinkedIn
Isla Okafor,isla.okafor38@brightline.io,,"Mar 11, 2026",LinkedIn
Aria Brooks,aria.brooks6@northwind.com,pro,2026-03-07,Referral
"  Iris Reyes"," iris.reyes179@harbor.co ",pro,"Mar 12, 2026",LinkedIn
Mateo Reyes,mateo.reyes159@lumenco.io,Pro,2026-03-20,LinkedIn
Isla Novak," isla.novak128@orbit.dev  ",team,2026-03-17,Referral
Tomás Larsen,tomas.larsen231@quill.so,,08/03/2026,Website
Omar Mehta," omar.mehta253@tidal.app ",,02/03/2026,Referral
Ethan Novak,Ethan.novak125@Northwind.com,free,"Mar 14, 2026",LinkedIn
Liam Silva,liam.silva91@quill.so,Pro,08/03/2026,Webinar
Zoe Kowalski,zoe.kowalski362@lumenco.io,free,"Mar 27, 2026",Webinar
"  Priya Silva",Priya.silva110@Lumenco.io,Pro,"Mar 27, 2026",LinkedIn
Jude Kowalski,Jude.kowalski375@Harbor.co,Pro,2026-03-12,Referral
Liam Haddad," liam.haddad181@northwind.com ",pro,14/03/2026,Webinar
Priya Quinn,Priya.quinn290@Brightline.io," team","Mar 11, 2026",Referral
Priya Haddad,Priya.haddad200@Harbor.co,team,"Mar 5, 2026",Website
Kofi Quinn,kofi.quinn294@quill.so,pro,2026-03-15,Webinar
Sana Reyes,sana.reyes166@lumenco.io,pro,27/03/2026,Website
Diego Okafor,diego.okafor56@quill.so,Pro,"Mar 1, 2026",LinkedIn
Rafael Tanaka,RAFAEL.TANAKA79@ORBIT.DEV,free,"Mar 24, 2026",Referral
Tara Reyes,tara.reyes168@quill.so,pro,01/03/2026,Referral
Ava Tanaka,Ava.tanaka60@Harbor.co," team",2026-03-05,Referral
Lena Brooks,Lena.brooks25@Harbor.co,free,26/03/2026,LinkedIn
Kofi Haddad,kofi.haddad204@tidal.app," team",2026-03-09,LinkedIn
Lena Larsen,Lena.larsen235@Harbor.co,team,12/03/2026,Webinar
Kofi Sato,kofi.sato354@harbor.co,PRO,2026-03-19,Referral
"  Zoe Haddad",zoe.haddad182@quill.so,pro,"Mar 15, 2026",Webinar
"  Hana Haddad"," hana.haddad207@harbor.co ",free,2026-03-12,Referral
Iris Duarte,IRIS.DUARTE329@QUILL.SO," team",2026-03-22,Website
"  Liam Kowalski",liam.kowalski361@harbor.co," team",26/03/2026,Webinar
Mateo Silva,mateo.silva99@tidal.app,team,2026-03-16,Referral
Lena Reyes,Lena.reyes175@Quill.so,Pro,08/03/2026,Website
Mila Reyes,mila.reyes154@quill.so," team","Mar 15, 2026",Referral
Felix Tanaka,felix.tanaka77@quill.so,free,"Mar 22, 2026",Webinar
Ethan Sato,Ethan.sato335@Northwind.com,free,"Mar 28, 2026",Referral
"  Ana Larsen"," ana.larsen233@orbit.dev ",pro,"Mar 10, 2026",Webinar
Owen Larsen,owen.larsen238@quill.so,Pro,15/03/2026,Webinar
Ethan Kowalski,Ethan.kowalski365@Tidal.app," team","Mar 2, 2026",Referral
Ana Mehta,ana.mehta263@harbor.co,free,"Mar 12, 2026",LinkedIn
Kai Tanaka,kai.tanaka71@tidal.app," team","Mar 16, 2026",Referral
Noah Silva,NOAH.SILVA93@ORBIT.DEV,PRO,10/03/2026,Website
Nora Quinn,Nora.quinn280@Quill.so,team,01/03/2026,Webinar
Wen Novak,"   ",,2026-03-06,Referral
Priya Reyes,Priya.reyes170@Orbit.dev," team","Mar 3, 2026",Referral
Tomás Brooks,tomas.brooks21@quill.so,free,22/03/2026,Referral
Iris Silva,iris.silva119@quill.so,free,"Mar 8, 2026",Referral
Tara Mehta,tara.mehta258@northwind.com,,2026-03-07,Website
